Description,Price,Url
Casque Bluetooth Q1 avec Microphone Radio FM support Micro SD / Auxiliaire - noir,8.78,https://www.jumia.ma/casque-bluetooth-nia-q1-avec-microphone-radio-fm-support-micro-sd-auxiliaire-noir-nia-mpg44799.html
M10  ÉCOUTEURS SANS FIL BLUETOOTH V5.1,12.20,https://www.jumia.ma/m10-ecouteurs-sans-fil-bluetooth-v5.1-generic-mpg1188242.html
X11 Wired Headphones Stereo Gaming Headset Surround,26.95,https://www.jumia.ma/x11-wired-headphones-stereo-gaming-headset-surround-onikuma-mpg1267869.html
Écouteurs sans fil M10 TWS Bluetooth 5.1 stéréo 9D,13.15,https://www.jumia.ma/ecouteurs-sans-fil-m10-tws-bluetooth-5.1-stereo-9d-generic-mpg1257084.html
Mi In-Ear Headphones Basic (BLACK),4.57,https://www.jumia.ma/xiaomi-mi-in-ear-headphones-basic-black-48360176.html
écouteurs Bluetooth sans fil LivePods stéréo,18.82,https://www.jumia.ma/ecouteurs-bluetooth-sans-fil-livepods-stereo-lenovo-mpg1345502.html
Casque Version Bluetooth 5.0 + carte - New Generation Technology,13.39,https://www.jumia.ma/headphone-casque-version-bluetooth-5.0-carte-new-generation-technology-42252298.html
"Promo Casque Gamer Flexible, Lumière LED, USB avec Micro - Pour PC, PS3, PS4, XBOX - Haute Qualité",16.55,https://www.jumia.ma/generic-promo-casque-gamer-flexible-lumiere-led-usb-avec-micro-pour-pc-ps3-ps4-xbox-haute-qualite-32621938.html
"H111 Casque Filaire, Ecouteurs Stéréo avec Micro Anti-Parasite - Noir",10.31,https://www.jumia.ma/logitech-h111-casque-filaire-ecouteurs-stereo-avec-micro-anti-parasite-noir-31633218.html
Casque Originale bluetooth  Q1 Appel-lecteur Micro SD / TF-radio FM,8.98,https://www.jumia.ma/nia-originale-casque-bluetooth-q1-appel-lecteur-micro-sd-tf-radio-fm-nia-mpg78834.html
ecouteurs Casque Bluetooth V4.2+EDR sans fil R3,14.94,https://www.jumia.ma/ecouteurs-casque-bluetooth-v4.2edr-sans-fil-r3-deep-bass-mpg1036169.html
Mi In-Ear Headphones Basic (SILVER),4.57,https://www.jumia.ma/xiaomi-mi-in-ear-headphones-basic-silver-48360175.html
Ecouteurs bluetooth sans fil Top quality,15.98,https://www.jumia.ma/ecouteurs-bluetooth-sans-fil-top-quality-generic-mpg1324155.html
"Écouteurs sans fil Bluetooth M10 TWS V5.1 9D stéréo, oreillettes de Sport étanches, véritables écouteurs pour téléphone portable",16.93,https://www.jumia.ma/ecouteurs-sans-fil-bluetooth-m10-tws-v5.1-9d-stereo-oreillettes-de-sport-etanches-veritables-ecouteurs-pour-telephone-portable-generic-mpg1257083.html
Casque de jeu Gaming Super BASS RGB LED surround 7.1 pour PS4/PS5/XBOX/PC/Mobile,17.21,https://www.jumia.ma/casque-de-jeu-gaming-super-bass-rgb-led-surround-7.1-pour-ps4ps5xboxpcmobile-karler-bass-mpg1303750.html
Casques sans fil PRO3 Bluetooth 5.0 Casque stéréo 9D avec écouteurs de sport à LED PRO3,6.15,https://www.jumia.ma/generic-casques-sans-fil-pro3-bluetooth-5.0-casque-stereo-9d-avec-ecouteurs-de-sport-a-led-pro3-42781394.html
ecouteurs casque Bluetooth V5.0+EDR sans fil R2 Stereo HandsFree Music-TSuppor TF Card-FM-Audio input,18.82,https://www.jumia.ma/deep-bass-ecouteurs-casque-bluetooth-v5.0edr-sans-fil-r2-stereo-handsfree-music-tsuppor-tf-card-fm-audio-input-47714226.html
"Casque sans fil Bluetooth V5.0 sans fil Brown, 400mAh 8 heures d'Appels et de Musique avec micro",18.16,https://www.jumia.ma/sodo-casque-sans-fil-bluetooth-v5.0-sans-fil-brown-400mah-8-heures-dappels-et-de-musique-avec-micro-47490274.html
Casque de jeu G2II pour PC Casque de jeu filaire USB PS4 avec son surround 7.1 avec microphone antibruit et pilote RGB Light 50mm Compatible Noir,34.80,https://www.jumia.ma/edifier-casque-de-jeu-g2ii-pour-pc-casque-de-jeu-filaire-usb-ps4-avec-son-surround-7.1-avec-microphone-antibruit-et-pilote-rgb-light-50mm-compatible-noir-39394836.html
Originale Casque bluetooth Q1 Appel-lecteur Micro SD / TF-radio FM,8.89,https://www.jumia.ma/originale-casque-bluetooth-q1-appel-lecteur-micro-sd-tf-radio-fm-nia-mpg96301.html
TWS Wireless Bluetooth-compatible 5.0 LED Digital-Black,13.15,https://www.jumia.ma/generic-tws-wireless-bluetooth-compatible-5.0-led-digital-black-51065213.html
"Casque gamer stereo avec Microphone pour Smartphone, PC, PS4, Xbox One",11.25,https://www.jumia.ma/xtrike-casque-gamer-stereo-avec-microphone-pour-smartphone-pc-ps4-xbox-one-41597243.html
Casque  G2000 Ordinateur Stéréo Jeu  Avec Mic LED Lumière Pour PC Gamer,20.14,https://www.jumia.ma/casque-g2000-ordinateur-stereo-jeu-avec-mic-led-lumiere-pour-pc-gamer-kotion-each-mpg884925.html
Evolve 20 Stereo MS - Casque Professionel USB avec micro anti-bruit,42.09,https://www.jumia.ma/evolve-20-stereo-ms-casque-professionel-usb-avec-micro-anti-bruit-jabra-mpg884841.html
cagoule visage masque couverture moto vélo Cyclisme contre froid vent plein air,5.58,https://www.jumia.ma/generic-cagoule-visage-masque-couverture-moto-velo-cyclisme-contre-froid-vent-plein-air-47891669.html
"Casque Bluetooth V5.0 Wireless , batterie 12 heures de Musique et sport",18.16,https://www.jumia.ma/generic-casque-bluetooth-v5.0-wireless-batterie-12-heures-de-musique-et-sport-49431119.html
M9 Écouteurs sans fil TWS Bluetooth 5.1,14.09,https://www.jumia.ma/m9-ecouteurs-sans-fil-tws-bluetooth-5.1-generic-mpg1365699.html
Kraken X Lite,47.19,https://www.jumia.ma/razer-kraken-x-lite-39205036.html
Redmi pro Ecouteur Sans Fil Bluetooth 5.0 pro Global Version,23.55,https://www.jumia.ma/redmi-pro-ecouteur-sans-fil-bluetooth-5.0-pro-global-version-xiaomi-mpg931426.html
Support pour casque d'écoute de jeu,9.36,https://www.jumia.ma/onikuma-support-pour-casque-decoute-de-jeu-48579144.html
Écouteurs Bluetooth Écouteurs sans fil Contrôle tactile Écouteurs de sport Écouteurs,5.49,https://www.jumia.ma/generic-ecouteurs-bluetooth-ecouteurs-sans-fil-controle-tactile-ecouteurs-de-sport-ecouteurs-42779033.html
"Casque de moto ultra léger pour hommes et femmes, demi-couverture pour la moto",12.20,https://www.jumia.ma/casque-de-moto-ultra-leger-pour-hommes-et-femmes-demi-couverture-pour-la-moto-generic-mpg1349873.html
Evolve 20 MS Stéréo Micro-casque USB stéréo optimisé Lync,42.09,https://www.jumia.ma/jabra-evolve-20-ms-stereo-micro-casque-usb-stereo-optimise-lync-52218948.html
Casque  Bluetooth NIA - Lecteur SD - MP3 - Radio FM - Aux-entrée - Micro,9.26,https://www.jumia.ma/casque-bluetooth-nia-lecteur-sd-mp3-radio-fm-aux-entree-micro-nia-mpg50703.html
Casques stéréo sans fil C3 Bluetooth 5.0 10D avec écouteurs de sport à LED PRO3,5.67,https://www.jumia.ma/generic-casques-stereo-sans-fil-c3-bluetooth-5.0-10d-avec-ecouteurs-de-sport-a-led-pro3-42781685.html
Casques sans fil PRO2 Bluetooth 5.0 Casque stéréo Hifi 9D Écouteurs de sport de mode PRO3,4.73,https://www.jumia.ma/generic-casques-sans-fil-pro2-bluetooth-5.0-casque-stereo-hifi-9d-ecouteurs-de-sport-de-mode-pro3-42781557.html
"Casque Gaming avec LED Binaural, Bandeau, Noir, Rouge, Rotatif - HV-H2239d",15.98,https://www.jumia.ma/havit-casque-gaming-avec-led-binaural-bandeau-noir-rouge-rotatif-hv-h2239d-39430873.html
"Écouteurs Bluetooth HiFi Stéréo Touch Control, bouchon d'oreille",5.39,https://www.jumia.ma/generic-ecouteurs-bluetooth-hifi-stereo-touch-control-bouchon-doreille-42781627.html
Écouteurs sport sans fil étanches IPX7 pour casque C3 - PRO3,4.63,https://www.jumia.ma/generic-ecouteurs-sport-sans-fil-etanches-ipx7-pour-casque-c3-pro3-42780580.html
Casque d'écoute Bluetooth tactile sans fil R9 avec micro d'appel,5.20,https://www.jumia.ma/generic-casque-decoute-bluetooth-tactile-sans-fil-r9-avec-micro-dappel-42780155.html
